root	pos	last_vowel_class	final_consonant_type	regular
masa	noun	a	ünlü	true
kitap	noun	a	sert	true
bardak	noun	a	sert	true
araba	noun	a	ünlü	true
kapı	noun	ı	ünlü	true
balık	noun	ı	sert	true
kız	noun	ı	yumuşak	true
halı	noun	ı	ünlü	true
yol	noun	o	yumuşak	true
top	noun	o	sert	true
horoz	noun	o	yumuşak	true
doktor	noun	o	yumuşak	true
okul	noun	u	yumuşak	true
kuş	noun	u	sert	true
kutu	noun	u	ünlü	true
bulut	noun	u	sert	true
ev	noun	e	yumuşak	true
defter	noun	e	yumuşak	true
kalem	noun	e	yumuşak	true
çiçek	noun	e	sert	true
deniz	noun	i	yumuşak	true
kedi	noun	i	ünlü	true
resim	noun	i	yumuşak	true
bilgi	noun	i	ünlü	true
göz	noun	ö	yumuşak	true
köy	noun	ö	yumuşak	true
göl	noun	ö	yumuşak	true
söz	noun	ö	yumuşak	true
gül	noun	ü	yumuşak	true
köprü	noun	ü	ünlü	true
yüzük	noun	ü	sert	true
ütü	noun	ü	ünlü	true
